,index,Name,Age,AI,GP,Sho,Goa,Ass,+/-,PIM,SA,GA,SV%
0,Juraj Olša,Arch Enemy,33,400,9,12,0,4,3,8,0,0,0
1,Kimmo Ahomaa,Arch Enemy,32,474,9,16,1,5,11,2,0,0,0
2,Antyp Khrol,Arch Enemy,32,392,8,19,1,1,10,12,0,0,0
3,Sviatamir Salaujou,Arch Enemy,33,426,3,13,0,4,7,4,0,0,0
4,Tymoteusz Czubacki,Arch Enemy,31,403,17,36,0,6,30,14,0,0,0
5,Mattia Mantegazza,Arch Enemy,33,378,17,32,6,4,10,2,0,0,0
6,Bodo Herrmann,Arch Enemy,34,407,17,23,1,3,18,4,0,0,0
7,Bruce De Knegt,Arch Enemy,31,429,17,82,15,10,18,36,0,0,0
8,Barys  Machayla,Arch Enemy,31,398,17,19,2,4,10,12,0,0,0
9,Miloslav Beneš,Arch Enemy,34,411,17,60,10,4,18,10,0,0,0
10,Noah Winther,Arch Enemy,34,453,17,59,15,5,25,8,0,0,0
11,Arthur Wiegand,Arch Enemy,35,393,17,42,15,6,25,4,0,0,0
12,Daniel Víšek,Arch Enemy,31,401,17,0,0,0,0,0,276,29,89.5
13,Tsukasa Ina,Arch Enemy,32,364,16,45,3,11,15,10,0,0,0
14,Usiaslau Tsybul'ka ,Arch Enemy,31,408,16,52,0,8,20,2,0,0,0
15,Antonín Říha,Arch Enemy,32,377,16,80,17,5,15,6,0,0,0
16,Remie Tessier,Arch Enemy,29,375,15,30,1,11,11,6,0,0,0
17,Niko Korpisalo,Arch Enemy,31,414,14,54,5,16,22,0,0,0,0
18,Samo Fajdiga,Arch Enemy,32,353,1,3,1,0,0,0,0,0,0
19,Alexander Hobor,Arch Enemy,28,372,1,3,0,1,1,0,0,0,0
20,Jan Yakir,Arch Enemy,31,386,1,1,0,4,8,0,0,0,0
21,Vladimir Draganić,Arch Enemy,33,357,0,0,0,0,0,0,0,0,0
22,Didzis Barovskis ,Ergli Elite: Revolution,20,143,6,3,0,0,1,2,0,0,0
23,Uģis Hromčenkovs,Ergli Elite: Revolution,19,99,4,0,0,0,0,0,47,8,83
24,Ādams Štāls,Ergli Elite: Revolution,18,88,2,1,0,0,-1,0,0,0,0
25,Goran Stefanović,Ergli Elite: Revolution,32,375,17,32,3,19,14,0,0,0,0
26,David Malina,Ergli Elite: Revolution,32,349,17,26,2,25,16,6,0,0,0
27,Miloš Ladický,Ergli Elite: Revolution,31,350,17,31,5,1,-1,26,0,0,0
28,Alan Gronský,Ergli Elite: Revolution,31,367,17,25,8,5,13,24,0,0,0
29,Ervīns Lācplēsējs,Ergli Elite: Revolution,23,254,17,19,1,2,-6,4,0,0,0
30,Vyacheslav Petrenko,Ergli Elite: Revolution,32,351,17,14,0,3,17,0,0,0,0
31,Žanis Griezis,Ergli Elite: Revolution,23,249,17,13,2,2,-3,6,0,0,0
32,Juraj Havlice,Ergli Elite: Revolution,30,427,17,51,7,8,13,22,0,0,0
33,Ben Hiller,Ergli Elite: Revolution,31,323,17,14,0,3,-2,0,0,0,0
34,Constantin Jean,Ergli Elite: Revolution,28,372,17,26,1,3,5,6,0,0,0
35,Mato Scoria,Ergli Elite: Revolution,33,369,16,39,7,4,19,6,0,0,0
36,Kauko Ikänen,Ergli Elite: Revolution,32,378,16,59,13,2,13,24,0,0,0
37,Drahoslav Doležel,Ergli Elite: Revolution,34,332,16,19,0,2,-4,4,0,0,0
38,Aleksandrs Bērziņš,Ergli Elite: Revolution,19,129,16,5,2,1,-3,2,0,0,0
39,Antonín Trávníček,Ergli Elite: Revolution,30,417,15,0,0,0,0,0,362,34,90.6
40,Grigoriy Tsemnoluskiy,Ergli Elite: Revolution,31,380,15,41,10,6,12,8,0,0,0
41,Kaspars Deglis,Ergli Elite: Revolution,21,202,14,2,1,1,-3,0,0,0,0
42,Matti Nuutinen,Ergli Elite: Revolution,29,400,14,28,4,13,10,4,0,0,0
43,Verners Miltiņš,Ergli Elite: Revolution,22,247,13,2,0,1,-3,2,0,0,0
44,Igor Trefolyev,Ergli Elite: Revolution,33,344,13,29,7,1,-2,12,0,0,0
45,Bernard Antoszczak,Ergli Elite: Revolution,28,402,12,42,10,9,13,2,0,0,0
46,Ervīns Daugavietis,Ergli Elite: Revolution,18,94,1,0,0,0,0,0,26,6,76.9
47,Mintauts Žagars,Ergli Elite: Revolution,17,62,0,0,0,0,0,,0,0,0
48,Gaidis Bulders,Ergli Elite: Revolution,17,63,0,0,0,0,0,,0,0,0
49,Māris Isakovs,Ergli Elite: Revolution,18,67,0,0,0,0,0,,0,0,0
50,Vladimirs Znotiņš,HC Jelgava Stars,24,308,7,10,1,0,-4,4,0,0,0
51,Uvis Vakseris,HC Jelgava Stars,24,308,7,6,0,1,-3,0,0,0,0
52,Jurģis Nagrebis,HC Jelgava Stars,24,293,5,5,0,3,-1,4,0,0,0
53,Edmunds Bambergs,HC Jelgava Stars,21,210,5,3,0,0,2,2,0,0,0
54,Mārcis Lapsiņš,HC Jelgava Stars,18,104,2,0,0,0,0,0,13,3,76.9
55,Edgars Miķelsons,HC Jelgava Stars,26,318,17,7,0,2,8,4,0,0,0
56,Atis Zilgalvis,HC Jelgava Stars,25,338,17,52,21,5,12,12,0,0,0
57,Bohuslav Kotrba,HC Jelgava Stars,32,353,17,45,1,8,11,14,0,0,0
58,Francis Taukulis,HC Jelgava Stars,24,302,17,27,6,2,5,4,0,0,0
59,Ilya Tonkonogov,HC Jelgava Stars,29,393,17,30,2,14,13,2,0,0,0
60,Juris Norītis ,HC Jelgava Stars,23,274,17,10,0,8,7,10,0,0,0
61,Vasile Halip,HC Jelgava Stars,31,399,17,52,10,8,12,12,0,0,0
62,Joshua Adams,HC Jelgava Stars,29,377,17,25,1,8,15,0,0,0,0
63,Folmer Toft,HC Jelgava Stars,29,341,17,43,6,3,14,6,0,0,0
64,Petr Pozhnikov,HC Jelgava Stars,28,366,17,34,2,7,9,0,0,0,0
65,Dennis Ivarsson,HC Jelgava Stars,29,354,17,30,8,19,12,10,0,0,0
66,Alberts Timanovskis,HC Jelgava Stars,24,291,17,14,1,6,3,2,0,0,0
67,Kaspars Dinsberģis,HC Jelgava Stars,20,201,16,0,0,0,0,0,193,26,86.5
68,Leroy Sizemore,HC Jelgava Stars,29,346,16,18,1,4,10,8,0,0,0
69,Mário Iván,HC Jelgava Stars,30,348,16,36,4,5,10,2,0,0,0
70,Ernests Beļavskis,HC Jelgava Stars,28,365,15,30,12,1,6,8,0,0,0
71,Maigonis Ušackis,HC Jelgava Stars,27,345,15,24,7,2,15,6,0,0,0
72,Dzidris Skrastiņš,HC Jelgava Stars,24,293,13,8,1,2,-2,4,0,0,0
73,Staņislavs Bullītis,HC Jelgava Stars,24,281,12,18,5,1,1,2,0,0,0
74,Wiktor Juszko,HC Jelgava Stars,25,309,10,0,0,0,0,0,162,20,87.7
75,Osvalds Jākabsons,HC Jelgava Stars,20,182,1,3,0,0,0,2,0,0,0
76,Leonards Birkavs,HC Jelgava Stars,17,65,0,0,0,0,0,,0,0,0
77,Gundars Loks,HC Jelgava Stars,19,118,0,0,0,0,0,,0,0,0
78,Edvards Feldmanis,HC Jelgava Stars,18,93,0,0,0,0,0,0,0,0,0
79,Andris Kraulis,HC Jelgava Stars,21,214,0,0,0,0,0,0,0,0,0
80,Liam Purnell,HC Jelgava Stars,18,89,0,0,0,0,0,,0,0,0
81,Niks Silmacis,HC Jelgava Stars,22,235,0,0,0,0,0,0,0,0,0
82,Roberts Vinters,HC Skonto,30,370,9,14,4,1,4,0,0,0,0
83,Jānis Naglis,HC Skonto,23,276,9,9,0,0,-2,6,0,0,0
84,Silvestrs Bangēvičs,HC Skonto,18,105,8,28,0,2,-8,8,0,0,0
85,Juris Dūze,HC Skonto,26,278,7,9,0,2,5,8,0,0,0
86,Kyle Borowiecki,HC Skonto,33,463,4,6,0,3,3,8,0,0,0
87,Gusts Kasperskis,HC Skonto,25,299,4,7,2,3,4,4,0,0,0
88,Kārlis Lapskalns,HC Skonto,24,245,3,2,0,1,2,0,0,0,0
89,Vladislavs Zilpauss,HC Skonto,25,294,2,0,0,0,0,0,34,1,97.1
90,Linards Strazds,HC Skonto,28,325,17,31,3,6,3,0,0,0,0
91,Agris Kaminskis,HC Skonto,24,361,17,32,3,11,1,6,0,0,0
92,Austris Lode,HC Skonto,24,298,17,31,6,0,4,16,0,0,0
93,Rodrigo Purgalis,HC Skonto,26,329,17,21,0,2,2,10,0,0,0
94,Ulvis Vecgrāvis,HC Skonto,27,364,17,32,0,8,9,10,0,0,0
95,Zigmunds Laviņš,HC Skonto,22,278,17,23,0,7,-5,4,0,0,0
96,Ulvis Pekšēns,HC Skonto,24,303,17,24,0,3,0,2,0,0,0
97,Pēteris Rozenbahs,HC Skonto,28,356,16,30,2,4,7,14,0,0,0
98,Oskars Volkovs,HC Skonto,29,390,16,54,9,9,11,2,0,0,0
99,Aleksandrs Dziļums,HC Skonto,25,361,16,61,11,3,0,0,0,0,0
100,Andris Saulkalns,HC Skonto,28,389,16,68,12,2,6,0,0,0,0
101,Edijs Veilands,HC Skonto,25,336,16,21,0,0,7,6,0,0,0
102,Viesturs Zīle,HC Skonto,23,359,15,0,0,0,0,0,386,39,89.9
103,Edgars Brīvzemnieks,HC Skonto,24,328,14,24,2,4,4,6,0,0,0
104,Miervaldis Saulkalns,HC Skonto,25,240,1,1,0,0,-1,0,0,0,0
105,Ojārs Kūpers,HC Skonto,21,181,1,7,1,0,1,0,0,0,0
106,Arnis Tomiņš,HC Skonto,19,168,1,2,0,1,1,2,0,0,0
107,Vladislavs Tomass,HC Skonto,20,169,0,0,0,0,0,,0,0,0
108,Arnolds Cūgers,HC Skonto,22,235,0,0,0,0,0,,0,0,0
109,Adrians Vītols,HC Skonto,23,260,0,0,0,0,0,,0,0,0
110,Edmunds Fišers,HC Skonto,16,38,0,0,0,0,0,,0,0,0
111,Raimonds Gaisiņš,HC Skonto,20,176,0,0,0,0,0,,0,0,0
112,Reinis Kūpers,HC Skonto,19,128,0,0,0,0,0,,0,0,0
113,Renārs Sniegavilks,HC Skonto,23,236,0,0,0,0,0,0,0,0,0
114,Alex Koekkoek,HC Vilkatis,25,322,9,35,2,3,9,12,0,0,0
115,Jarmo Kauppinen,HC Vilkatis,27,305,3,0,0,0,0,0,75,10,86.7
116,Luboš Nový,HC Vilkatis,30,352,17,53,10,8,12,14,0,0,0
117,Franz Würms,HC Vilkatis,31,362,17,51,9,3,7,14,0,0,0
118,Karl-Kuno Jenewein,HC Vilkatis,32,352,17,23,2,7,11,6,0,0,0
119,Andres Gilje,HC Vilkatis,29,326,17,30,0,9,12,2,0,0,0
120,Alexander Kultykov,HC Vilkatis,32,351,17,33,3,11,13,16,0,0,0
121,Aleksandrs Sūngailis,HC Vilkatis,26,277,17,12,1,1,13,8,0,0,0
122,Emīls Bačevskis,HC Vilkatis,32,365,17,33,0,21,11,8,0,0,0
123,Georgs Loks,HC Vilkatis,34,402,17,54,24,1,11,0,0,0,0
124,Victor Norling,HC Vilkatis,26,314,17,28,4,5,13,0,0,0,0
125,Thomas Crawford,HC Vilkatis,30,314,17,40,3,3,12,8,0,0,0
126,Jörg Buholzer,HC Vilkatis,27,364,17,16,1,12,13,16,0,0,0
127,Salvador Romero,HC Vilkatis,27,321,17,32,9,2,13,0,0,0,0
128,Daumants Lipovskis,HC Vilkatis,27,319,16,0,0,0,0,0,353,25,92.9
129,Zvonko Ljubić,HC Vilkatis,29,305,16,6,4,6,13,12,0,0,0
130,Lukas Pierre Konze,HC Vilkatis,34,377,16,35,3,17,9,6,0,0,0
131,Severin Rufer,HC Vilkatis,23,242,1,0,0,0,0,0,0,0,0
132,Kaspars Zibens,HC Vilkatis,22,227,1,4,0,0,1,2,0,0,0
133,Andris Pilsētnieks ,HC Vilkatis,22,218,1,1,0,0,0,2,0,0,0
134,Jāzeps Sirmais,HC Vilkatis,20,123,0,0,0,0,0,,0,0,0
135,Teodor Růžička,HC Vilkatis,25,270,0,0,0,0,0,,0,0,0
136,Boriss Dreiškins,HC Vilkatis,17,61,0,0,0,0,0,,0,0,0
137,Gusts Pipars,HC Vilkatis,20,149,0,0,0,0,0,,0,0,0
138,Oskar Bolliger,HC Vilkatis,24,275,0,0,0,0,0,,0,0,0
139,Alexey Vyrypaev,HC Vilkatis,24,260,0,0,0,0,0,,0,0,0
140,Ezequiel Pérez,HC Vilkatis,27,307,0,0,0,0,0,0,0,0,0
141,Elvis Jacobsson,HC Vilkatis,26,294,0,0,0,0,0,0,0,0,0
142,Andris Vimba,HC Vilkatis,21,190,0,0,0,0,0,0,0,0,0
143,Māris Zelčs,HC Vilkatis,18,58,0,0,0,0,0,,0,0,0
144,Renārs Miķelsons,HC Vilkatis,18,58,0,0,0,0,0,,0,0,0
145,Víťazoslav Pálffy,HC Vilkatis,27,338,0,0,0,0,0,0,0,0,0
146,Reinis Magņerskis,HC Vilkatis,29,254,0,0,0,0,0,,0,0,0
147,Kristaps Pūce,HC Vilkatis,19,130,0,0,0,0,0,,0,0,0
148,Jānis Raibais,HC Vilkatis,22,208,0,0,0,0,0,,0,0,0
149,Fricis Poruks,HC Vilkatis,27,287,0,0,0,0,0,,0,0,0
150,Ēriks Smildziņš,HC Vilkatis,17,64,0,0,0,0,0,,0,0,0
151,Edmunds Liepa,HC Vilkatis,18,80,0,0,0,0,0,,0,0,0
152,Uldis Ozoliņš,HC Vilkatis,22,191,0,0,0,0,0,,0,0,0
153,Albin Gustafsson,JOKISS,34,420,9,10,2,3,8,2,0,0,0
154,Vairis Daugavanags,JOKISS,28,313,4,5,1,0,3,4,0,0,0
155,Kristaps Strazdiņš,JOKISS,18,116,4,7,0,1,-5,0,0,0,0
156,Gusts Velnītis,JOKISS,25,302,3,1,0,0,-7,2,0,0,0
157,Igor Kalenik,JOKISS,31,339,2,7,3,0,2,0,0,0,0
158,Jonáš Starovič,JOKISS,36,389,17,42,0,9,21,6,0,0,0
159,Terho Hiitola,JOKISS,30,403,17,30,0,3,-1,10,0,0,0
160,Afanasiy Shalomytov,JOKISS,36,301,17,38,4,2,9,16,0,0,0
161,Vladimír Lintner,JOKISS,34,331,17,15,0,9,11,4,0,0,0
162,Jaakko Kulmala,JOKISS,34,426,16,0,5,12,24,4,38,10,73.7
163,Gica Penciulescu,JOKISS,33,392,16,101,15,12,24,24,0,0,0
164,Sandis Bāliņš,JOKISS,28,340,16,31,2,0,3,0,0,0,0
165,Rickard Olsen ,JOKISS,35,345,16,63,11,1,20,12,0,0,0
166,Alex Lekscha,JOKISS,31,392,16,0,0,0,0,0,297,29,90.2
167,Genādijs Stālšāns,JOKISS,29,338,16,31,6,1,9,6,0,0,0
168,Varis Bangovskis,JOKISS,29,354,15,43,7,6,2,8,0,0,0
169,Alexander Agren,JOKISS,32,339,15,56,8,15,19,22,0,0,0
170,Raymond Euell ,JOKISS,32,350,15,32,4,5,13,6,0,0,0
171,Oiva Vihijoki,JOKISS,31,431,12,21,0,7,6,4,0,0,0
172,Nilo Guedes,JOKISS,35,340,12,25,2,1,0,8,0,0,0
173,Roberts Dzenītis,JOKISS,26,281,1,0,0,0,-6,0,0,0,0
174,Guntars Birkets,JOKISS,24,303,1,1,0,0,-1,0,0,0,0
175,Roberts Misjūns,JOKISS,23,232,1,0,0,0,0,0,0,0,0
176,Aigars Laksa,JOKISS,22,218,1,1,0,0,0,2,0,0,0
177,Voldemārs Rēznieks,JOKISS,19,119,1,0,0,0,-3,2,0,0,0
178,Armands Melnbārdis,JOKISS,18,92,1,3,0,0,-3,0,0,0,0
179,Vilis Mediņš,JOKISS,25,294,1,0,0,0,-3,0,0,0,0
180,Kārlis Fejers,JOKISS,17,68,1,0,0,0,0,0,0,0,0
181,Roberts Rožkalns,JOKISS,19,135,1,0,0,0,-6,0,0,0,0
182,Krišjānis Broks,JOKISS,21,207,1,1,0,0,-6,0,0,0,0
183,Abel Silvestre,JOKISS,20,167,0,0,0,0,0,,0,0,0
184,Artūrs Zvirgzdiņš,JOKISS,17,84,0,0,0,0,0,,0,0,0
185,Roberts Bankovskis,JOKISS,19,148,0,0,0,0,0,,0,0,0
186,Brad Lock,JOKISS,17,54,0,0,0,0,0,,0,0,0
187,Antons Līcītis,JOKISS,23,248,0,0,0,0,0,0,0,0,0
188,Helmuts Vītols,JOKISS,21,190,0,0,0,0,0,,0,0,0
189,Alvis Kauliņš,JOKISS,20,160,0,0,0,0,0,,0,0,0
190,Viesturs Unguris,JOKISS,21,186,0,0,0,0,0,,0,0,0
191,Oskars Melderiņš,JOKISS,20,176,0,0,0,0,0,,0,0,0
192,Vilnis Ozols,JOKISS,20,162,0,0,0,0,0,0,0,0,0
193,Juris Ivanāns,JOKISS,18,103,0,0,0,0,0,,0,0,0
194,Roberts Valters,JOKISS,23,223,0,0,0,0,0,0,0,0,0
195,Ulvis Dāle,JOKISS,20,180,0,0,0,0,0,,0,0,0
196,Melvin McGinnis,Kadri,38,188,5,20,3,1,6,0,0,0,0
197,Guntars Fejers,Kadri,20,112,3,7,2,0,-2,4,0,0,0
198,Sandis Liepa,Kadri,21,142,2,2,1,0,-2,0,0,0,0
199,Laimis Dūze,Kadri,24,250,17,20,1,2,-7,0,0,0,0
200,Vairis Gailītis,Kadri,27,276,17,17,0,3,-11,2,0,0,0
201,Viktors Belovs,Kadri,35,200,17,21,0,2,-11,54,0,0,0
202,Calvin Kwan,Kadri,38,230,17,36,2,6,11,34,0,0,0
203,Tony Mitchell,Kadri,37,249,17,15,1,3,-7,22,0,0,0
204,Jeff Gormley,Kadri,32,245,17,15,1,3,-7,20,0,0,0
205,Anton Fibingerov,Kadri,27,336,17,53,1,23,12,4,0,0,0
206,Ilgonis Šrēders,Kadri,25,255,17,14,0,2,-11,2,0,0,0
207,Miha Ježek,Kadri,27,444,16,0,0,0,0,0,457,49,89.3
208,Nils Dukurs,Kadri,24,187,16,62,7,5,10,0,0,0,0
209,Auseklis Freimanis,Kadri,23,187,16,21,2,3,-4,2,0,0,0
210,Miervaldis Lediņš,Kadri,21,166,16,26,1,0,-12,2,0,0,0
211,Kalervo Larsson ,Kadri,30,465,16,37,1,2,9,0,0,0,0
212,Visvaldis Graudiņš,Kadri,24,261,15,22,4,0,-6,0,0,0,0
213,Andris Stebliņš,Kadri,23,181,15,19,2,0,-7,4,0,0,0
214,Vojtěch Krejčí,Kadri,29,422,12,53,15,3,5,16,0,0,0
215,Dainis Šrēders,Kadri,25,224,1,1,0,2,3,0,0,0,0
216,Egons Žagars,Kadri,23,223,1,0,0,0,0,0,25,4,84
217,Mārcis Sekste,Kadri,19,105,0,0,0,0,0,,0,0,0
218,Uldis Starkovs,Kadri,23,162,0,0,0,0,0,,0,0,0
219,Uģis Šrēders,Kadri,19,130,0,0,0,0,0,,0,0,0
220,Raivis Vilciņš,Kadri,19,104,0,0,0,0,0,,0,0,0
221,Imants Ķesteris,Kadri,23,216,0,0,0,0,0,,0,0,0
222,Haralds Rudzītis,Kadri,24,211,0,0,0,0,0,0,0,0,0
223,Atis Plotnieks,Kadri,25,218,0,0,0,0,0,0,0,0,0
224,Pēteris Dakteris,Kadri,19,100,0,0,0,0,0,,0,0,0
225,Ivars Bundzinieks,Kadri,20,156,0,0,0,0,0,,0,0,0
226,Ģirts Ignateņko,Kadri,22,184,0,0,0,0,0,,0,0,0
227,Vitālijs Pinne,Kadri,20,123,0,0,0,0,0,,0,0,0
228,Rihards Meijers,Kadri,21,119,0,0,0,0,0,,0,0,0
229,Kaspars Galviņš,Kadri,20,131,0,0,0,0,0,,0,0,0
230,Rūdolfs Cicurskis,Kadri,21,162,0,0,0,0,0,,0,0,0
231,Uldis Celms,Kadri,19,108,0,0,0,0,0,,0,0,0
232,Marians Līdums,Kadri,18,81,0,0,0,0,0,,0,0,0
233,Atvars Cigulis,Kadri,23,178,0,0,0,0,0,0,0,0,0
234,Ēriks Purvmalnieks,Kadri,18,73,0,0,0,0,0,,0,0,0
235,Māris Upis,Kadri,23,183,0,0,0,0,0,,0,0,0
236,Ilmārs Melderiņš,Kadri,22,190,0,0,0,0,0,,0,0,0
237,Radomír Fábry,LATGALE,31,287,8,23,4,0,2,16,0,0,0
238,Juris Bezbiksis,LATGALE,21,211,5,1,0,0,-3,14,0,0,0
239,Rolands Eglītis,LATGALE,21,184,2,3,0,0,1,0,0,0,0
240,Aaron Weiß,LATGALE,34,335,17,26,1,3,5,20,0,0,0
241,Bohdan Andoga,LATGALE,29,304,17,31,4,1,-6,4,0,0,0
242,Tomáš Ruža,LATGALE,31,299,17,28,0,5,3,10,0,0,0
243,Tomasz Mielnik,LATGALE,30,288,17,26,0,14,8,20,0,0,0
244,Edgars Zvirgzdiņš,LATGALE,29,278,17,35,4,2,0,12,0,0,0
245,Sadanobu Hideaki,LATGALE,29,305,17,55,8,2,3,2,0,0,0
246,Juan Camilo Aarón,LATGALE,33,304,17,28,0,7,8,2,0,0,0
247,Ron Hoofien ,LATGALE,31,323,17,0,0,0,0,0,444,47,89.4
248,Vairis Cipulis,LATGALE,33,293,16,24,0,5,2,10,0,0,0
249,Toms Tālavs,LATGALE,31,312,16,37,3,3,2,14,0,0,0
250,Madis Käär,LATGALE,30,317,16,48,5,6,6,0,0,0,0
251,Vilho Parkko ,LATGALE,29,315,16,44,2,17,12,4,0,0,0
252,Armands Siliņš,LATGALE,30,332,15,54,17,2,4,22,0,0,0
253,Jakub Šranko,LATGALE,31,286,15,21,0,3,-5,14,0,0,0
254,Petr Doležel,LATGALE,29,299,14,47,9,5,6,18,0,0,0
255,Lauris Ansons,LATGALE,19,136,13,6,0,3,-2,0,0,0,0
256,Mārcis Unguris,LATGALE,21,166,0,0,0,0,0,0,0,0,0
257,Rihards Altenzels,LATGALE,19,110,0,0,0,0,0,,0,0,0
258,Oskars Kaufmanis,LATGALE,20,138,0,0,0,0,0,,0,0,0
259,Jurģis Daņiševskis,LATGALE,19,114,0,0,0,0,0,0,0,0,0
260,Jáchym Kubánek,LATGALE,30,315,0,0,0,0,0,0,0,0,0
261,Austris Ērnestsons,Löfbergs Lila,19,139,6,2,0,0,-7,4,0,0,0
262,Herberts Sveilis,Löfbergs Lila,22,224,4,0,0,0,-10,4,0,0,0
263,Ernests Gilis,Löfbergs Lila,21,191,4,3,0,0,-7,4,0,0,0
264,Normunds Vizulis,Löfbergs Lila,21,182,2,1,0,0,0,0,0,0,0
265,Imants Plāte,Löfbergs Lila,17,74,2,0,0,0,-7,2,0,0,0
266,Olģerts Medutiņš,Löfbergs Lila,17,89,17,1,0,1,-55,8,0,0,0
267,Roberts Isakovs,Löfbergs Lila,17,80,17,3,1,0,-59,20,0,0,0
268,Ludvig Solstad,Löfbergs Lila,18,110,17,6,0,1,-33,0,0,0,0
269,Lukas Adler,Löfbergs Lila,17,84,17,7,0,1,-59,0,0,0,0
270,Ģirts Trembis,Löfbergs Lila,17,85,17,7,1,0,-55,18,0,0,0
271,Igors Roze,Löfbergs Lila,17,90,17,0,0,0,0,0,896,199,77.8
272,Victor Vauclair,Löfbergs Lila,17,72,16,2,0,0,-25,2,0,0,0
273,Agris Ērglēns,Löfbergs Lila,18,120,16,7,0,0,-34,6,0,0,0
274,Jurijs Dreilings,Löfbergs Lila,17,85,16,5,0,0,-49,8,0,0,0
275,Vojtěch Kosík,Löfbergs Lila,17,84,14,4,0,1,-48,12,0,0,0
276,Lauris Āpsītis,Löfbergs Lila,17,79,14,2,0,0,-23,16,0,0,0
277,Viesturs Akmentiņš,Löfbergs Lila,17,87,14,5,0,0,-42,4,0,0,0
278,Aleksejs Silavnieks,Löfbergs Lila,19,137,14,3,0,0,-27,0,0,0,0
279,Mārtiņš Levitāns,Löfbergs Lila,19,140,13,6,0,0,-27,14,0,0,0
280,Reima Kannisto,Löfbergs Lila,18,104,13,4,0,0,-29,6,0,0,0
281,Sandis Volkovs,Löfbergs Lila,17,79,13,1,0,0,-20,20,0,0,0
282,Artūrs Odzītis,Löfbergs Lila,17,89,13,7,1,1,-37,6,0,0,0
283,Edvin Sandberg,Löfbergs Lila,19,122,13,5,0,0,-22,4,0,0,0
284,Uuno Mäkiranta ,Löfbergs Lila,17,86,13,3,0,1,-40,16,0,0,0
285,Jūlijs Kuzmins,Löfbergs Lila,17,71,11,1,0,0,-38,8,0,0,0
286,Kristaps Grebis,Löfbergs Lila,17,64,10,1,0,0,-28,14,0,0,0
287,Mareks Bartkēvičs,Löfbergs Lila,22,200,1,0,0,0,0,0,10,1,90
288,Egons Rozītis,Löfbergs Lila,17,65,1,0,0,0,-1,0,0,0,0
289,Rinārs Rēvelis,Löfbergs Lila,18,101,1,0,0,0,-2,0,0,0,0
290,Cary Huntley,Löfbergs Lila,17,63,0,0,0,0,0,,0,0,0
291,Raimonds Sīmansons,Löfbergs Lila,17,76,0,0,0,0,0,,0,0,0
292,Ainis Pīlēns,Patria,22,217,6,0,0,0,0,0,39,3,92.3
293,Raimonds Liniņš,Patria,26,306,3,7,1,0,1,0,0,0,0
294,Adrians Vientulis,Patria,20,163,2,5,0,0,-2,0,0,0,0
295,Dainis Jegorovs,Patria,27,396,17,26,0,12,12,10,0,0,0
296,Lauris Biezbārdis,Patria,27,314,17,9,0,1,-8,2,0,0,0
297,Atis Lēviņš,Patria,31,351,17,12,0,3,3,0,0,0,0
298,Martin Hanzal,Patria,32,364,17,0,0,0,0,0,385,41,89.4
299,Artūrs Vihrovs,Patria,18,99,17,19,0,3,-9,2,0,0,0
300,Sven Sudbrak,Patria,30,378,17,34,7,2,6,0,0,0,0
301,Alvis Zvirgzdiņš,Patria,25,323,17,41,7,4,2,12,0,0,0
302,Alexander Kulich,Patria,33,367,17,62,10,7,12,4,0,0,0
303,Niks Omiņš,Patria,30,361,17,32,2,1,8,12,0,0,0
304,Varis Timulis,Patria,31,363,17,34,6,5,9,2,0,0,0
305,Jürg Imwinkelried,Patria,30,368,17,45,8,8,3,2,0,0,0
306,Pavils Paukšts,Patria,33,413,17,28,1,9,12,0,0,0,0
307,Sašo Košir,Patria,30,396,17,16,1,2,3,0,0,0,0
308,Jānis Kalndruva,Patria,33,355,17,5,0,1,-8,6,0,0,0
309,Raitis Ūdrītis,Patria,28,336,17,13,2,0,-8,0,0,0,0
310,Dāvis Dzirnavnieks,Patria,21,201,17,42,2,5,3,14,0,0,0
311,Aldis Lazdiņš,Patria,21,193,17,10,0,3,7,0,0,0,0
312,Arnis Pūķītis,Patria,22,278,17,48,7,4,11,12,0,0,0
313,Siro Lavezzari,Patria,35,373,15,32,6,7,11,12,0,0,0
314,Rihards Jēriņš,Patria,19,160,15,27,0,4,7,6,0,0,0
315,Tālis Dzenītis,Patria,21,204,14,11,0,0,-6,6,0,0,0
316,Matti Kantonen,Patria,33,352,0,0,0,0,0,0,0,0,0
317,Ivars Jūrmalnieks,Patria,20,150,0,0,0,0,0,0,0,0,0
318,Alfrēds Bikars,Patria,21,160,0,0,0,0,0,,0,0,0
319,Uldis Tihonovs,Patria,20,145,0,0,0,0,0,0,0,0,0
320,Dmitrijs Jarāns,Patria,17,78,0,0,0,0,0,,0,0,0
321,Sebastián Requena,Patria,17,46,0,0,0,0,0,,0,0,0
322,Teodors Krimulds,Patria,17,64,0,0,0,0,0,,0,0,0
323,Roberts Zīle,Patria,18,87,0,0,0,0,0,,0,0,0
324,Ģirts Valdmanis,Patria,19,127,0,0,0,0,0,,0,0,0
325,Agris Kļaviņš,Patria,23,222,0,0,0,0,0,0,0,0,0
326,Gustavs Kovzāns,Patria,22,193,0,0,0,0,0,,0,0,0
327,Arvis Rešetņikovs,Patria,20,175,0,0,0,0,0,,0,0,0
328,Jan Čihák,Patria,30,309,0,0,0,0,0,,0,0,0
329,Ivo Kubliņš,Patria,19,141,0,0,0,0,0,,0,0,0
330,Ojārs Tērauds,Refleks,21,212,8,7,0,0,-4,6,0,0,0
331,Alberts Girgensons,Refleks,27,416,6,7,1,11,8,4,0,0,0
332,Aleksejs Dzirnekls,Refleks,31,404,5,18,7,0,8,2,0,0,0
333,Kristians Ruksis,Refleks,18,103,2,2,0,0,-2,0,0,0,0
334,Ross Holmes,Refleks,25,329,17,47,5,3,2,2,0,0,0
335,Ondřej Koudela,Refleks,29,369,17,64,11,1,10,0,0,0,0
336,Raitis Dzirnekls,Refleks,21,222,17,12,1,1,-6,8,0,0,0
337,Pijus Girdevskis,Refleks,19,155,17,9,0,0,-7,6,0,0,0
338,Jonne Jokilehto,Refleks,27,344,17,41,7,5,4,14,0,0,0
339,Leontiy Rudenko,Refleks,23,283,17,10,0,3,-1,4,0,0,0
340,Makar Ermilin,Refleks,23,285,17,24,1,0,-1,10,0,0,0
341,Kirill Ulyankin,Refleks,28,357,16,41,0,8,11,6,0,0,0
342,Michael  Vanclostere,Refleks,23,265,16,15,0,6,2,16,0,0,0
343,Reid Montreuil,Refleks,24,305,16,22,0,3,3,2,0,0,0
344,Alexander Maťaš,Refleks,23,291,15,16,0,1,-1,4,0,0,0
345,Zítomír Svetlík,Refleks,27,341,15,24,1,5,-2,8,0,0,0
346,Eran Shmeilin ,Refleks,23,277,15,26,2,0,1,0,0,0,0
347,Knut Bahr,Refleks,29,384,14,32,5,5,10,8,0,0,0
348,Mikanor  Lameyka ,Refleks,19,182,14,10,0,1,-5,0,0,0,0
349,Pauls Čupins,Refleks,19,117,13,5,0,1,-5,8,0,0,0
350,Egons Asariņš,Refleks,22,254,13,22,3,0,-6,10,0,0,0
351,Filip Chaloupka,Refleks,24,314,13,22,1,9,-5,4,0,0,0
352,Kristián Jansa,Refleks,19,195,13,12,1,2,6,2,0,0,0
353,Kaspars Narciss,Refleks,25,353,12,0,0,0,0,0,288,33,88.5
354,Milan Farkaš,Refleks,21,218,1,4,0,0,-2,0,0,0,0
355,Pēteris Kalniņš,Refleks,19,176,1,0,0,0,0,0,6,0,100
356,Māris Heinsons,Refleks,19,138,0,0,0,0,0,,0,0,0
357,Dobromír Cehlár,Refleks,21,218,0,0,0,0,0,,0,0,0
358,Laimonis Jass,Refleks,18,99,0,0,0,0,0,,0,0,0
359,Alexander Yukhanov,Rockets,31,301,9,7,0,1,0,2,0,0,0
360,Raimonds Sviestiņš,Rockets,29,331,9,0,0,0,0,0,227,23,89.9
361,Bystrík Štrbák,Rockets,34,250,8,16,5,0,0,4,0,0,0
362,Vilnis Vietlavs,Rockets,30,292,6,3,0,0,-7,2,0,0,0
363,Norbert Gall,Rockets,31,364,5,5,0,5,1,4,0,0,0
364,Aleksandrs Kalnājs,Rockets,29,317,2,0,0,0,0,0,32,2,93.7
365,Laimis Lūsis,Rockets,20,132,2,1,0,0,-1,2,0,0,0
366,Andrejs Rītiņš,Rockets,20,132,2,1,0,1,-1,0,0,0,0
367,Janne Päivärinta,Rockets,32,392,17,34,12,1,5,2,0,0,0
368,Nikolay Mazurkevich,Rockets,33,310,17,22,1,5,-5,8,0,0,0
369,Michal Vobořil,Rockets,33,367,16,24,4,0,-3,8,0,0,0
370,Reino Karhunmaa,Rockets,31,333,16,11,0,7,-1,8,0,0,0
371,Ondřej Remeš,Rockets,30,305,16,21,5,2,-2,18,0,0,0
372,Daniel Dvořáček,Rockets,32,287,16,8,1,5,-2,34,0,0,0
373,Mojmír Polák,Rockets,33,366,16,31,8,4,6,16,0,0,0
374,Boris Proksarčík,Rockets,33,304,16,13,3,1,-1,18,0,0,0
375,Matěj Lukášek,Rockets,33,365,16,17,0,5,8,4,0,0,0
376,Viktor Koleda,Rockets,32,360,16,20,0,5,-2,0,0,0,0
377,Owen Gibbs,Rockets,35,325,15,10,4,5,3,12,0,0,0
378,Michal Marenčák,Rockets,33,369,15,26,1,10,6,2,0,0,0
379,Tomáš Štefan,Rockets,31,332,15,17,1,6,1,6,0,0,0
380,Ivar Rosand,Rockets,36,233,15,7,2,2,-1,8,0,0,0
381,Kristaps Skalbergs,Rockets,28,309,15,16,0,3,-8,8,0,0,0
382,Agap Glukhov,Rockets,33,292,13,13,0,3,3,18,0,0,0
383,Madars Hendelis,Rockets,30,317,13,10,0,3,1,10,0,0,0
384,Jan Průša,Rockets,36,244,12,13,4,0,-2,4,0,0,0
385,Viorel Ionescu,Rockets,33,290,12,0,0,0,0,0,318,32,89.9
386,Jindřich Jirásek,Rockets,29,293,11,11,0,1,0,6,0,0,0
387,Michal Jedlička,Rockets,33,288,10,9,1,0,-5,2,0,0,0
388,Ilgvars Birzkopis,Rockets,28,292,1,4,0,0,-3,0,0,0,0
389,Romāns Pīpiķis,Rockets,28,253,1,1,0,0,-1,0,0,0,0
390,Kārlis Zaķītis,Rockets,28,333,1,2,1,0,0,0,0,0,0
391,Ēriks Reps,Rockets,28,314,1,1,0,0,-3,0,0,0,0
392,Guntars Zalktis,Rockets,20,125,1,0,0,0,-1,2,0,0,0
393,Modris Sinkēvičs,Rockets,30,298,1,1,0,0,0,0,0,0,0
394,Marģers Kasperskis,Rockets,19,111,1,0,0,0,-1,0,0,0,0
395,Jāzeps Īviņš,Rockets,19,85,0,0,0,0,0,,0,0,0
396,Maurus Bommer,Rockets,28,301,0,0,0,0,0,0,0,0,0
397,Gatis Baltvilks,Rockets,18,79,0,0,0,0,0,,0,0,0
398,Artūrs Ušackis,Rockets,19,100,0,0,0,0,0,,0,0,0
399,Āris Zariņš,Rockets,18,85,0,0,0,0,0,,0,0,0
400,Ivo Duncis,Rockets,19,97,0,0,0,0,0,,0,0,0
401,Zbysław Malinowski,Soda Beņķa Sildītāji,26,281,4,6,0,3,6,0,0,0,0
402,Reinis Ķesteris,Soda Beņķa Sildītāji,19,131,2,4,0,0,0,4,0,0,0
403,Filip Chvojka,Soda Beņķa Sildītāji,27,371,17,53,6,20,21,2,0,0,0
404,Ihnat Naskovich ,Soda Beņķa Sildītāji,26,394,17,69,22,11,24,14,0,0,0
405,Gundars Zikmans,Soda Beņķa Sildītāji,24,335,17,56,16,5,19,8,0,0,0
406,Ildar Savonov,Soda Beņķa Sildītāji,25,327,17,52,7,1,6,6,0,0,0
407,Gustav Lindblad,Soda Beņķa Sildītāji,25,348,17,23,0,8,23,12,0,0,0
408,Blažej Krupka,Soda Beņķa Sildītāji,26,370,17,40,10,5,6,0,0,0,0
409,Eric Raymond,Soda Beņķa Sildītāji,25,358,17,37,1,11,22,6,0,0,0
410,Andris Spītnieks,Soda Beņķa Sildītāji,26,400,17,78,13,6,22,10,0,0,0
411,Aivars Balodis,Soda Beņķa Sildītāji,27,431,17,0,0,0,0,0,336,29,91.4
412,Martin Mládek,Soda Beņķa Sildītāji,26,392,17,35,1,12,22,0,0,0,0
413,Ronald Kleinejasper,Soda Beņķa Sildītāji,26,359,17,41,8,1,20,4,0,0,0
414,Izidor Bojsa,Soda Beņķa Sildītāji,26,344,17,17,0,6,13,4,0,0,0
415,Oleg Protopopov,Soda Beņķa Sildītāji,25,305,17,16,0,2,7,6,0,0,0
416,Asaf Verman,Soda Beņķa Sildītāji,24,336,16,28,3,13,7,6,0,0,0
417,Raymond Michel,Soda Beņķa Sildītāji,26,381,14,43,6,14,16,10,0,0,0
418,Dan Stanciulescu,Soda Beņķa Sildītāji,26,361,14,18,0,7,17,2,0,0,0
419,Gustavs Māliņš,Soda Beņķa Sildītāji,25,283,1,1,0,0,0,0,0,0,0
420,Bonifác Janečka,Soda Beņķa Sildītāji,26,316,0,0,0,0,0,0,0,0,0
421,Armands Ķēniņš,Soda Beņķa Sildītāji,24,257,0,0,0,0,0,,0,0,0
422,Mindaugs Timulis,Soda Beņķa Sildītāji,24,268,0,0,0,0,0,,0,0,0
423,Ģirts Saulītis,Soda Beņķa Sildītāji,24,267,0,0,0,0,0,,0,0,0
424,Kristaps Laukmanis ,Soda Beņķa Sildītāji,23,244,0,0,0,0,0,,0,0,0
425,Damjan Kokalj,Soda Beņķa Sildītāji,26,322,0,0,0,0,0,0,0,0,0
426,Ackar Abdishev,Soda Beņķa Sildītāji,21,194,0,0,0,0,0,,0,0,0
427,Edgars Valters,Soda Beņķa Sildītāji,21,190,0,0,0,0,0,0,0,0,0
428,Atvars Plētnieks,Soda Beņķa Sildītāji,20,180,0,0,0,0,0,0,0,0,0
429,Ivo Osiņš,Soda Beņķa Sildītāji,18,105,0,0,0,0,0,,0,0,0
430,Jurģis Velns,Soda Beņķa Sildītāji,20,174,0,0,0,0,0,0,0,0,0
431,Kristijan Pujac,Soda Beņķa Sildītāji,19,140,0,0,0,0,0,0,0,0,0
432,Waldemar Drake,The BDM team,30,393,9,0,0,0,0,0,352,37,89.5
433,Jiří Šmejkal,The BDM team,27,368,6,10,1,1,-1,4,0,0,0
434,Ervīns Bambis,The BDM team,18,81,5,0,0,0,-3,14,0,0,0
435,Haris Daugaviņš,The BDM team,17,68,17,6,0,0,-15,14,0,0,0
436,Rihards Skulme,The BDM team,17,82,17,5,0,0,-19,4,0,0,0
437,Oskars Dambergs,The BDM team,17,66,17,2,0,0,-15,6,0,0,0
438,Andrejs Grīnbergs,The BDM team,17,52,17,1,0,0,-19,6,0,0,0
439,Artem Zayats,The BDM team,32,367,17,25,8,3,11,16,0,0,0
440,Miķelis Stupenis,The BDM team,17,53,17,0,0,0,-19,6,0,0,0
441,Eižens Kļimovičs,The BDM team,17,63,17,5,0,1,-21,8,0,0,0
442,Renārs Daugavietis,The BDM team,17,65,17,6,0,0,-16,20,0,0,0
443,Herberts Amzelis,The BDM team,17,73,16,9,0,0,-20,2,0,0,0
444,Paulin Bátora,The BDM team,30,365,16,39,8,4,2,0,0,0,0
445,Marko Majala,The BDM team,31,404,16,24,4,6,4,8,0,0,0
446,Stephan Luirink,The BDM team,34,386,16,16,4,3,11,2,0,0,0
447,Varis Stālšāns ,The BDM team,31,404,16,31,7,10,2,8,0,0,0
448,Heliodoro Millán,The BDM team,33,380,16,34,6,12,7,20,0,0,0
449,Aleksander Püssa,The BDM team,31,373,16,22,0,4,10,8,0,0,0
450,Oldřich Skřivánek,The BDM team,32,384,16,35,1,4,2,0,0,0,0
451,Genādijs Ciemkalns,The BDM team,17,49,15,0,0,0,-13,6,0,0,0
452,Čestmír Bezděk ,The BDM team,33,374,14,14,5,6,7,4,0,0,0
453,Fēlikss Tjarve,Traveling Wilburys,20,179,6,5,1,0,0,8,0,0,0
454,Pāvels Bergholds,Traveling Wilburys,24,260,5,1,0,1,0,0,0,0,0
455,Raitis Pommers,Traveling Wilburys,20,169,2,1,0,0,-1,2,0,0,0
456,Georgiy Kochmarev,Traveling Wilburys,22,229,2,1,0,0,0,0,0,0,0
457,Gaidis Purvītis,Traveling Wilburys,24,297,17,26,4,0,-1,8,0,0,0
458,Victor  Baclaine,Traveling Wilburys,24,311,17,21,0,6,-1,4,0,0,0
459,Frīdrihs Veselis,Traveling Wilburys,31,404,17,40,0,14,7,10,0,0,0
460,Raitis Dombravs,Traveling Wilburys,27,307,17,28,5,1,7,6,0,0,0
461,Uldis Rudzītis,Traveling Wilburys,25,303,17,16,3,6,0,2,0,0,0
462,Pāvels Ērglis,Traveling Wilburys,28,334,17,45,3,11,7,10,0,0,0
463,Egons Vērpiņš,Traveling Wilburys,33,423,17,0,0,0,0,0,450,41,90.9
464,Sandis Žagars,Traveling Wilburys,33,314,17,23,1,5,14,2,0,0,0
465,Raitis Lariņš,Traveling Wilburys,22,240,17,10,1,1,-1,8,0,0,0
466,Pavils Grundulis,Traveling Wilburys,24,281,17,6,0,0,-1,0,0,0,0
467,Mārtiņš Spāde,Traveling Wilburys,19,167,17,27,2,0,0,10,0,0,0
468,Viktors Ēķis,Traveling Wilburys,21,212,17,7,0,1,-4,0,0,0,0
469,Silvis Pīpiķis,Traveling Wilburys,27,337,17,48,13,1,7,0,0,0,0
470,Uldis Zālmanis,Traveling Wilburys,28,350,17,61,22,3,12,4,0,0,0
471,Edmunds Zālītis,Traveling Wilburys,25,338,17,47,11,5,11,2,0,0,0
472,Jāzeps Zīlīte,Traveling Wilburys,24,287,16,15,0,5,4,2,0,0,0
473,Jānis Belovs,Traveling Wilburys,35,322,15,31,0,16,17,24,0,0,0
474,Ēvalds Tomans,Traveling Wilburys,24,283,15,15,3,1,-1,0,0,0,0
475,Dainis Lūriņš,Traveling Wilburys,30,373,14,24,0,4,4,8,0,0,0
476,Viesturs Šteinerts,Traveling Wilburys,23,272,14,24,0,4,1,8,0,0,0
477,Jiří Sedlář,Traveling Wilburys,37,276,12,33,4,14,13,20,0,0,0
478,Kristaps Bērziņš,Traveling Wilburys,21,210,1,0,0,0,0,0,0,0,0
479,Emīls Baumanis,Traveling Wilburys,19,137,0,0,0,0,0,0,0,0,0
480,Imants Lapsa,Traveling Wilburys,24,263,0,0,0,0,0,0,0,0,0
481,Jurģis Zaharovs,Traveling Wilburys,17,63,0,0,0,0,0,,0,0,0
482,Stach De Pater,Traveling Wilburys,18,97,0,0,0,0,0,,0,0,0
483,Rihards Ekerts,Traveling Wilburys,19,137,0,0,0,0,0,,0,0,0
484,Andris Ķirsons,Traveling Wilburys,17,54,0,0,0,0,0,,0,0,0
485,Gatis Bārda,Traveling Wilburys,17,76,0,0,0,0,0,,0,0,0
486,Arnolds Egle,Traveling Wilburys,17,69,0,0,0,0,0,,0,0,0
487,Roberts Fiļimonovs,Traveling Wilburys,18,98,0,0,0,0,0,,0,0,0
488,Mārtiņš Graudiņš,Traveling Wilburys,19,127,0,0,0,0,0,,0,0,0
489,Pauls Grasmanis,Traveling Wilburys,18,90,0,0,0,0,0,,0,0,0
490,Jānis Rudzītis,Traveling Wilburys,17,57,0,0,0,0,0,,0,0,0
491,Andris Birkāns,Traveling Wilburys,20,153,0,0,0,0,0,,0,0,0
492,Pēteris Kviesis,Traveling Wilburys,17,62,0,0,0,0,0,,0,0,0
493,Armands Aizkrauklietis,Traveling Wilburys,19,117,0,0,0,0,0,,0,0,0
494,Sergejs Stebliņš,Traveling Wilburys,17,57,0,0,0,0,0,,0,0,0
495,Uģis Sirotkins,Traveling Wilburys,18,115,0,0,0,0,0,,0,0,0
496,Māris Tonis,hk DEMONS,19,163,4,1,0,0,-9,2,0,0,0
497,Gatis Fiļimonovs,hk DEMONS,19,157,3,5,0,2,-3,2,0,0,0
498,Ulvis Skudra,hk DEMONS,19,150,2,0,0,0,0,0,0,0,0
499,Raimonds Zinkovs,hk DEMONS,19,155,2,0,0,0,0,0,98,19,80.6
500,Stanislav Marinyak,hk DEMONS,19,183,17,13,1,1,-36,12,0,0,0
501,Vitālijs Rudzītis,hk DEMONS,19,165,17,11,0,0,-24,6,0,0,0
502,Giovani Teles,hk DEMONS,19,169,17,7,0,0,-24,2,0,0,0
503,Pavel Jirásek,hk DEMONS,19,205,17,28,5,0,-40,2,0,0,0
504,Dagnis Kaktiņš,hk DEMONS,19,171,17,17,3,1,-22,8,0,0,0
505,Agris Tralmaks,hk DEMONS,19,174,17,8,0,0,-36,4,0,0,0
506,Franco Arinos ,hk DEMONS,19,183,17,11,1,2,-32,4,0,0,0
507,Joel Strand,hk DEMONS,19,202,17,22,2,2,-39,20,0,0,0
508,Leontīns Mūris,hk DEMONS,19,183,17,6,0,0,-37,18,0,0,0
509,Taalo Kerner,hk DEMONS,19,186,16,21,0,3,-36,6,0,0,0
510,Tommi Rankala,hk DEMONS,19,186,16,15,0,4,-34,6,0,0,0
511,Herman Iván,hk DEMONS,19,190,16,6,0,0,-28,6,0,0,0
512,Alexander Odnokozov,hk DEMONS,19,177,16,13,1,2,-21,4,0,0,0
513,Robert Kofman,hk DEMONS,19,152,15,9,2,0,-38,10,0,0,0
514,Liam Dries ,hk DEMONS,18,148,15,0,0,0,0,0,662,113,82.9
515,Viktor Sobinkin,hk DEMONS,19,186,13,11,0,0,-31,20,0,0,0
516,Miroslav Janeček,hk DEMONS,19,162,1,0,0,0,-4,0,0,0,0
517,Armands Kastanis,hk DEMONS,19,155,0,0,0,0,0,0,0,0,0
518,Mariss Zeltracis,hk DEMONS,19,143,0,0,0,0,0,0,0,0,0
519,Dainis Grabovskis,hk DEMONS,18,98,0,0,0,0,0,0,0,0,0
